symbol,name,chain,narrative,market_cap,liquidity,volume_24h,score,result,source,scanned_at
"QUAI","Quai Network","quai","Layer-1 PoW",0,0,0,48,"watchlist","analyst-mar7-scanner","2026-03-07 02:41:55"
"UAI","UnifAI Network","unknown","AI/LLM",0,0,0,45,"no-go","analyst","2026-03-07 01:42:00"
"DRV","Derive","unknown","DeFi/Options",0,0,0,42,"no-go","analyst","2026-03-07 01:42:00"
"HYPE","Hyperliquid","L1","DeFi/Perpetuals",0,0,0,68,"watchlist","analyst","2026-03-07 01:41:54"
"AVAX","Avalanche","L1","Layer-1",0,0,0,62,"watchlist","analyst","2026-03-07 01:41:54"
"BAIAGENT","Binance AI Agent","BSC","AI Agent",2800000,152000,8400000,75,"deep-dive","DexScreener","2026-03-07 01:06:52"
"DeepSeekAI","DeepSeek AI Agent","Solana","AI Agent",234000,74000,1600,55,"watchlist","DexScreener","2026-03-07 01:06:47"
"AGENTFUN","AgentFun.AI","Cronos","AI Agent",3500000,1100000,442,60,"watchlist","DexScreener","2026-03-07 01:06:47"
"HYPE","Hyperliquid","ethereum","DeFi DEX Perps",0,0,0,72,"watchlist","analyst-mar6-cryptopanic","2026-03-07 00:12:06"
"KITE","Kite","unknown","DePIN AI",0,0,0,68,"watchlist","analyst-mar6-cryptopanic","2026-03-07 00:12:06"
"ZRO","LayerZero","ethereum","Crosschain Messaging",0,0,0,65,"watchlist","analyst-mar6-x-twitter","2026-03-07 00:12:06"
"UAI","UnifAI Network","ETH","AI",0,0,0,62,"watchlist","analyst-mar6-trending + coingecko-trending-mar6","2026-03-06 23:42:51"
"ZRO","LayerZero","Multi","Interoperability/Infrastructure",0,0,0,70,"watchlist","analyst-mar6-multisource","2026-03-06 23:42:47"
"HYPE","Hyperliquid","ETH","DeFi/DEX/Perpetuals",0,0,0,72,"watchlist","analyst-mar6-multisource","2026-03-06 23:42:46"
"HYPE","Hyperliquid","ETH","DeFi/DEX",0,0,0,72,"deep-dive","analyst-mar6-apollo","2026-03-06 23:12:04"
"ZRO","LayerZero","ETH","Infra/Interop",0,0,0,68,"deep-dive","analyst-mar6-cardano","2026-03-06 23:12:04"
"ZRO","LayerZero","Ethereum","Interoperability/L0",0,0,0,78,"deep-dive","analyst","2026-03-06 22:43:13"
"HYPE","Hyperliquid","Hyperliquid","DeFi/Perpetuals",0,0,0,73,"deep-dive","analyst","2026-03-06 22:43:13"
"UAI","UnifAI Network","Ethereum","AI",0,0,0,45,"watchlist","analyst","2026-03-06 22:43:13"
"ADA","Cardano","cardano","L1, DeFi expansion, cross-chain (LayerZero)",0,0,0,68,"watchlist","analyst-mar6-cron","2026-03-06 22:12:05"
"HYPE","Hyperliquid","ethereum","DeFi, Perpetual DEX",0,0,0,62,"watchlist","analyst-mar6-cron","2026-03-06 22:12:05"
"NIGHT","Midnight","cardano","Privacy layer, Cardano ecosystem",0,0,0,52,"no-go","analyst-mar6-cron","2026-03-06 22:12:05"
"UAI","UnifAI Network","ethereum","AI",0,0,0,55,"no-go","analyst-mar6-cron","2026-03-06 22:12:05"
"ADA","Cardano","cardano","L1, Smart Contracts, DeFi, LayerZero+Circle Integration",0,0,0,75,"deep-dive","analyst","2026-03-06 21:42:13"
"XRP","Ripple","xrp-ledger","Payments, Regulatory Clarity, RLUSD Stablecoin",0,0,0,70,"watchlist","analyst","2026-03-06 21:42:06"
"TAO","Bittensor","bittensor","AI/ML Decentralized Network",0,0,0,65,"watchlist","analyst","2026-03-06 21:42:06"
"NIGHT","Midnight","cardano","Privacy Layer on Cardano",0,0,0,45,"watchlist","analyst","2026-03-06 21:42:06"
"MON","Monad","monad","L1 Blockchain",0,0,0,78,"deep-dive","analyst-mar6-pumpfun","2026-03-06 20:13:00"
"M","MemeCore","ethereum","Meme 2.0",0,0,0,72,"deep-dive","analyst-mar6-cryptopanic","2026-03-06 20:13:00"
"RIVER","River","ethereum","DeFi Infrastructure",0,0,0,68,"watchlist","analyst-mar6-cryptopanic","2026-03-06 20:13:00"
"NIGHT","Midnight","cardano","Privacy",0,0,0,66,"watchlist","analyst-mar6-cryptopanic","2026-03-06 20:13:00"
"H","Humanity Protocol","ethereum","Identity",0,0,0,62,"watchlist","analyst-mar6-cryptopanic","2026-03-06 20:13:00"
"DOT","Polkadot","polkadot","L1 Blockchain, Parachain Ecosystem",0,0,0,100,"deep-dive","analyst-mar6-etf-launch","2026-03-06 19:42:25"
"FAI","Freysa AI","Base","AI Agents, Adversarial Game",0,0,0,70,"deep-dive","analyst-mar6","2026-03-06 18:42:20"
"DOT","Polkadot","polkadot","L1/Parachain + US ETF Catalyst",0,0,0,82,"deep-dive","analyst","2026-03-06 18:12:31"
"SENT","Sentient","Ethereum","Decentralized AGI",0,0,0,50,"watchlist","analyst-cron-mar6","2026-03-06 17:42:57"
"FAI","Freysa AI","Base","AI Agent",0,0,0,55,"watchlist","analyst-cron-mar6","2026-03-06 17:42:52"
"DOT","Polkadot","polkadot","L1 / Interoperability / ETF Launch",0,0,0,75,"deep-dive","analyst","2026-03-06 17:12:23"
"UTEXO","Utexo","bitcoin","Bitcoin Payment / USDT Settlement",0,0,0,70,"watchlist","analyst","2026-03-06 17:12:23"
"RIVER","River Protocol","ethereum","Cross-Chain Liquidity + satUSD Stablecoin",0,0,0,65,"watchlist","analyst-mar7-ai-scanner","2026-03-06 16:42:49"
"SPK","Spark Protocol","multi","DeFi Infrastructure",0,0,0,60,"watchlist","analyst-mar7-ai-scanner","2026-03-06 16:42:49"
"UTXO","Utexo","Bitcoin","BTC Native Payments & USDT Settlement (Lightning + RGB)",0,0,0,70,"watchlist","analyst-mar6-cron","2026-03-06 16:12:39"
"FAI","Freysa AI","Base","AI Agent Game",0,0,0,62,"watchlist","analyst-mar6-cron","2026-03-06 16:12:39"
"XRP","Ripple","XRP Ledger","Payments / RWA Settlement",0,0,0,65,"watchlist","analyst-mar6-cron","2026-03-06 16:12:39"
"HYPER","Hyperlane","Multi-Chain","Cross-Chain Interoperability",0,0,0,58,"no-go","analyst-mar6-cron","2026-03-06 16:12:39"
"DOT","Polkadot","Polkadot","L1 Parachain Infrastructure",0,0,0,62,"watchlist","analyst-mar6-cron","2026-03-06 16:12:39"
"SENT","Sentient","eth","AI, AGI, Decentralized AI",0,0,0,50,"watchlist","analyst-mar6-ai-scanner","2026-03-06 15:43:05"
"SPK","Spark","eth","DeFi, Infrastructure",0,0,0,50,"watchlist","analyst-mar6-ai-scanner","2026-03-06 15:43:05"
"FAI","Freysa AI","base","AI Agents, Gaming",0,0,0,65,"watchlist","analyst-mar6-ai-scanner","2026-03-06 15:42:57"
"FAI","Freysa AI","base","AI Agent",0,0,0,80,"deep-dive","analyst-mar6-scanner","2026-03-06 15:13:21"
"SENT","Sentient","multi","AGI/AI",0,0,0,65,"watchlist","analyst-mar6-scanner","2026-03-06 15:13:16"
"ALCH","Alchemist AI","multi","AI",0,0,0,62,"watchlist","analyst-mar6-scanner","2026-03-06 15:13:16"
"XRP","Ripple","XRPL","RWA/Payments + Institutional",0,0,0,75,"deep-dive","analyst-mar6-dual-source","2026-03-06 14:42:56"
"SOL","Solana","Solana","L1 Scaling + DeFi",0,0,0,67,"deep-dive","analyst-mar6-multi-source","2026-03-06 14:42:56"
"ADA","Cardano","Cardano","RWA/Payments",0,0,0,45,"watchlist","analyst-mar6-cryptopanic","2026-03-06 14:42:56"
"SENT","Sentient","ETH","Decentralized AI Agents",0,0,0,45,"watchlist","analyst-mar6-coingecko","2026-03-06 14:42:56"
"ADA","Cardano","Cardano","RWA/Real-World Adoption",0,0,0,72,"watchlist","analyst-mar6-multi","2026-03-06 14:12:20"
"LTC","Litecoin","Litecoin","Payment/Store of Value",0,0,0,68,"watchlist","analyst-mar6-litecoin-foundation","2026-03-06 14:12:20"
"FLOW","Flow","Flow","NFT/Gaming/Layer-1",0,0,0,65,"watchlist","analyst-mar6-binance","2026-03-06 14:12:20"
"SOL","Solana","solana","L1 / Institutional Payments",0,0,0,70,"watchlist","analyst-mar6-payment-surge","2026-03-06 13:12:33"
"XRP","Ripple","xrp-ledger","Institutional DeFi / Payments",0,0,0,65,"watchlist","analyst-mar6-coinbase-derivatives","2026-03-06 13:12:33"
"ADA","Cardano","cardano","Payments / Real-World-Adoption",0,0,0,65,"watchlist","analyst-mar6-spar-integration","2026-03-06 13:12:33"
"BAIAGENT","Binance AI Agent","bsc","AI Agent",4960511,190331.97,8058604.94,80,"watchlist","HAWK DexScreener (pancakeswap)","2026-03-06 13:03:28"
"HUMA","Huma Finance","multi","RWA/PayFi/Private Credit",0,0,0,73,"deep-dive","analyst-mar6-scanner","2026-03-06 12:42:46"
"IDOS","idOS Network","multi","DeFi/Identity/Privacy",0,0,0,70,"deep-dive","analyst-mar6-scanner","2026-03-06 12:42:46"
"NOON","Noon Capital","multi","RWA/Stablecoin/DeFi",0,0,0,65,"watchlist","analyst-mar6-scanner","2026-03-06 12:42:46"
"IDOS","idOS Network","ethereum","Decentralized Identity (DeID) / Privacy",0,0,0,72,"watchlist","analyst-mar6-multi-cex","2026-03-06 12:12:35"
"HUMA","Huma Finance","solana","PayFi / RWA / Income-Backed DeFi",0,0,0,62,"watchlist","analyst-mar6-coingecko","2026-03-06 12:12:35"
"ROBO","Fabric Protocol","ethereum","AI Agent Infrastructure + Robotics DePIN",0,0,0,75,"deep-dive","analyst","2026-03-06 11:42:39"
"ROBO","Fabric Protocol","BSC","AI Agents + DePIN + Robotics",0,0,0,70,"watchlist","analyst","2026-03-06 11:12:28"
"IDOS","idOS Network","ETH","Decentralized Identity + Privacy",0,0,0,64,"watchlist","analyst","2026-03-06 11:12:28"
"FLOW","Flow (Wrapped)","ETH","L1 Blockchain + NFT",0,0,0,60,"watchlist","analyst","2026-03-06 11:12:28"
"IDOS","idOS Network","multi-chain","Identity/KYC/Web3",0,0,0,72,"deep-dive","analyst-mar6-cron","2026-03-06 10:42:18"
"HUMA","Huma Finance","multi-chain","PayFi/RWA/DeFi",0,0,0,68,"deep-dive","analyst-mar6-cron","2026-03-06 10:42:18"
"KAT","Katana Network","Polygon/ETH","L2/DeFi/Yield",0,0,0,65,"watchlist","analyst-mar6-cron","2026-03-06 10:42:18"
"NOON","Noon Capital","multi-chain","Stablecoin/Yield/DeFi",0,0,0,62,"watchlist","analyst-mar6-cron","2026-03-06 10:42:18"
"KAT","Katana Network","Polygon","L2 DeFi",0,0,0,72,"watchlist","analyst-mar6-okx","2026-03-06 10:12:15"
"ADA","Cardano","Cardano","L1 Real-World Adoption",0,0,0,70,"watchlist","analyst-mar6-multi","2026-03-06 10:12:15"
"HUMA","Huma Finance","Multi-chain","PayFi / RWA",0,0,0,68,"watchlist","analyst-mar6-coingecko","2026-03-06 10:12:15"
"KAT","Katana Network","Polygon-L2","DeFi-L2-Liquidity",0,0,0,78,"deep-dive","analyst-mar6-multi","2026-03-06 09:43:09"
"HUMA","Huma Finance","Multi-Chain","PayFi-DeFi-RWA",0,0,0,72,"deep-dive","analyst-mar6-coingecko","2026-03-06 09:43:09"
"RUNE","THORChain","THORChain","Cross-Chain-DEX",0,0,0,68,"watchlist","analyst-mar6-upgrade","2026-03-06 09:43:09"
"NEO","Neo","Neo","L1-AI-SmartEconomy",0,0,0,65,"watchlist","analyst-mar6-treasury","2026-03-06 09:43:09"
"PUMP","pump.fun","solana","DeFi Infrastructure / Meme Launchpad",0,0,0,72,"watchlist","analyst-mar6-whale-signal","2026-03-06 09:12:01"
"IDOS","idOS Network","Multi-chain","Web3 Identity Layer / DeFi Infrastructure",0,0,0,58,"watchlist","analyst-mar6-kucoin","2026-03-06 08:43:37"
"WAR","WAR (bonk.fun)","SOL","Meme Token (Gaming)",0,0,0,52,"watchlist","analyst-mar6-twitter","2026-03-06 08:43:37"
"PUMP","pump.fun Platform Token","SOL","Solana Launchpad Platform Token",0,0,0,78,"deep-dive","analyst-mar6-multi-source","2026-03-06 08:43:27"
"MEW","cat in a dogs world","solana","Meme (Cat)",0,0,0,52,"watchlist","analyst-mar6","2026-03-06 08:13:21"
"JELLYJELLY","Jelly-My-Jelly","solana","Meme",0,0,0,47,"watchlist","analyst-mar6-coingecko-trending","2026-03-06 08:13:21"
"PUMP","Pump.fun","solana","DeFi/Utility Platform Token",0,0,0,75,"deep-dive","analyst-mar6-whale-accumulation","2026-03-06 08:13:07"
"PUMP","pump.fun","solana","Platform/Meme Launchpad",0,0,0,65,"watchlist","analyst-mar6-whale","2026-03-06 07:42:26"
"JYAI","Jerry The Turtle","SOL","AI Agents + Meme (Matt Furie)",0,0,0,65,"watchlist","analyst","2026-03-06 07:13:06"
"JELLYJELLY","Jelly-My-Jelly","SOL","SocialFi + Meme",0,0,0,65,"watchlist","analyst","2026-03-06 07:13:06"
"IDOS","idOS Network","ETH","Identity + Privacy + RWA",0,0,0,55,"watchlist","analyst","2026-03-06 07:13:06"
"KAT","Katana Network","ETH","Gaming + Layer 2",0,0,0,60,"watchlist","analyst","2026-03-06 07:13:06"
"PUMP","pump.fun","SOL","Meta-Play (Platform Token)",0,0,0,45,"watchlist","analyst","2026-03-06 07:13:06"
"BRAINLET","Brainlet","Solana","AI Agent / Autonomous System",5500000,636000,3200000,72,"deep-dive","DexScreener/CoinGecko","2026-03-06 07:02:56"
"MOLT","Moltbook","Base","AI Agent Social Network / Reddit for AI",1900000,1520000,1180000,78,"deep-dive","CoinGecko/GeckoTerminal","2026-03-06 07:02:56"
"GOAT","Goatseus Maximus","Solana","AI Agent Meme / Truth Terminal",21000000,2500000,8000000,65,"watchlist","CoinGecko/Kraken","2026-03-06 07:02:56"
"PUMP","Pump.fun Token","solana","DeFi Platform Token",0,0,0,45,"watchlist","analyst-mar6-whale","2026-03-06 06:42:18"
"FAI","Freysa AI","BASE","AI Agents",0,0,0,70,"watchlist","analyst-mar6-scanner","2026-03-06 06:12:30"
"PUMP","pump.fun","solana","Platform Token (PumpFun Launchpad)",0,0,0,75,"deep-dive","analyst-cron-mar6","2026-03-06 05:42:54"
"FAI","Freysa AI","base","AI Agent",0,0,0,65,"watchlist","analyst-cron-mar6","2026-03-06 05:42:54"
"FAI","Freysa AI","base","AI Agent (Sovereignty)",0,0,0,80,"deep-dive","analyst-mar6-multi","2026-03-06 05:12:40"
"FAI","Freysa AI","base","AI Agents",0,0,0,65,"deep-dive","analyst-mar5-scanner","2026-03-06 04:12:45"
"SKY","Sky Protocol (ex-MakerDAO)","ethereum","DeFi",0,0,0,60,"watchlist","analyst-mar5-scanner","2026-03-06 04:12:45"
"ANKR","Ankr Network","ethereum","Infrastructure",0,0,0,45,"watchlist","analyst-mar5-scanner","2026-03-06 04:12:45"
"SKY","Sky Protocol (ex-MakerDAO)","ETH","DeFi + RWA",0,0,0,71,"deep-dive","analyst-mar5-telegram","2026-03-06 03:42:17"
"FAI","Freysa AI","BASE","AI Agents",0,0,0,68,"watchlist","analyst-mar5-telegram","2026-03-06 03:42:17"
"ADA","Cardano","ADA","L1 Smart Contracts",0,0,0,63,"watchlist","analyst-mar5-cryptopanic","2026-03-06 03:42:17"
"FAI","Freysa AI","Base","AI Agents",0,0,0,68,"watchlist","analyst-mar5","2026-03-06 03:12:08"
"FAI","Freysa AI","Base","AI Agents",0,0,0,68,"watchlist","analyst-mar6-cron","2026-03-06 02:42:18"
"SKY","Sky Protocol (ex-MakerDAO)","ethereum","DeFi Stablecoins",0,0,0,55,"watchlist","analyst-mar5-paraficapital","2026-03-06 02:12:47"
"PI","Pi Network","pi","Layer-1 Mobile Mining",0,0,0,45,"watchlist","analyst-mar5-network-upgrade","2026-03-06 02:12:47"
"ANKR","Ankr Network","ethereum","Infrastructure DePIN",0,0,0,50,"watchlist","analyst-mar5-coingecko-trending","2026-03-06 02:12:47"
"MORPHO","Morpho Protocol","ethereum","DeFi Lending",0,0,0,90,"watchlist","analyst-mar5-tvl-explosion","2026-03-06 02:12:40"
"SKY","Sky Protocol (ex-MakerDAO)","ethereum","DeFi / Stablecoin Infrastructure",0,0,0,78,"deep-dive","analyst-mar5-night","2026-03-06 01:42:46"
"ADA","Cardano","cardano","L1 Smart Contract Platform",0,0,0,62,"watchlist","analyst-mar5-night","2026-03-06 01:42:46"
"ADA","Cardano","Cardano","L1, DeFi, Stablecoins",0,0,0,80,"deep-dive","analyst-mar5-stablecoin-expansion","2026-03-06 01:12:35"
"BMIC","Blockchain Micro-Ion Compute","Ethereum","AI + Quantum Security",6000000,0,0,45,"watchlist","Coinspeaker Micro-Cap","2026-03-06 01:05:26"
"SUBBD","SUBBD AI Creator","Ethereum","AI Creator Platform",45600000,5228,0,35,"rejected","Solflare/CoinBrain","2026-03-06 01:05:26"
"HAPI","HAPI Protocol","Ethereum","DeFi Security + AI",1680000,852,852,42,"watchlist","CoinGecko/CMC","2026-03-06 01:05:26"
"PI","Pi Network","PI","L1 Mobile Mining",0,0,0,65,"watchlist","analyst-mar5-network-update","2026-03-06 00:42:16"
"ADA","Cardano","Cardano","L1 Smart Contracts",0,0,0,70,"watchlist","analyst-mar5-multi-source","2026-03-06 00:42:16"
"POL","Polygon","Polygon","L2 + AI Agents",0,0,0,72,"watchlist","analyst-mar5-ai-agent-cli","2026-03-06 00:42:16"
"SWARMS","Swarms","Solana","AI Agents + Multi-Agent LLM Framework",0,0,0,55,"watchlist","analyst-cron-mar5","2026-03-06 00:12:32"
"STRK","Starknet","Ethereum","L2 Scaling + Dev Momentum",0,0,0,65,"watchlist","analyst-cron-mar5","2026-03-06 00:11:58"
"DOT","Polkadot","polkadot","Parachain + Interoperability + DeFi",0,0,0,85,"deep-dive","analyst-mar5-halving-etf","2026-03-05 23:42:36"
"STRK","Starknet","starknet","ZK-Rollup L2 + Bitcoin DeFi + Developer Tools",0,0,0,80,"deep-dive","analyst-mar5-developer-lead","2026-03-05 23:42:36"
"MON","Monad","monad","High-Performance L1 + EVM-compatible",0,0,0,78,"deep-dive","analyst-mar5-coinbase-platform","2026-03-05 23:42:36"
"TNSR","Tensor","solana","NFT Marketplace + Trading Tools",0,0,0,72,"watchlist","analyst-mar5-coinbase-acquisition","2026-03-05 23:42:36"
"ARB","Arbitrum","arbitrum","L2 Scaling + DeFi",0,0,0,68,"watchlist","analyst-mar5-l2-forecast","2026-03-05 23:42:36"
"ADA","Cardano","Cardano","Payments/RWA",0,0,0,85,"deep-dive","analyst-mar5-multi","2026-03-05 23:12:34"
"SOL","Solana","Solana","Payments/DeFi",0,0,0,82,"deep-dive","analyst-mar5-multi","2026-03-05 23:12:34"
"XRP","Ripple","XRP Ledger","Institutional/DeFi",0,0,0,78,"deep-dive","analyst-mar5-multi","2026-03-05 23:12:34"
"ETH","Ethereum","Ethereum","L1/ETF",0,0,0,70,"watchlist","analyst-mar5-multi","2026-03-05 23:12:34"
"DOT","Polkadot","Polkadot","L1/ETF",0,0,0,62,"watchlist","analyst-mar5-single","2026-03-05 23:12:34"
"OPN","Opinion Labs","Ethereum+BNB","AI Prediction Markets",0,0,0,82,"deep-dive","analyst-mar5-multi-exchange","2026-03-05 22:43:30"
"TNSR","Tensor","Solana","NFT Marketplace",0,0,0,45,"watchlist","analyst-mar5-coinbase-acquisition","2026-03-05 22:43:30"
"ESP","Espresso","Ethereum","L2 Rollup Infrastructure",0,0,0,55,"watchlist","analyst-mar5-airdrop","2026-03-05 22:43:30"
"RNBW","Rainbow Wallet","Ethereum","Wallet + Governance",0,0,0,50,"watchlist","analyst-mar5-airdrop","2026-03-05 22:43:30"
"BIRB","Moonbirds","Solana","NFT Migration",0,0,0,45,"watchlist","analyst-mar5-binance-alpha","2026-03-05 22:43:30"
"MON","Monad","Ethereum","Layer 1 Blockchain - High Performance EVM",0,0,0,70,"watchlist","analyst-mar5-coinbase-chainlink","2026-03-05 21:43:37"
"ADA","Cardano","Cardano","Smart Contracts + RWA + Payments",0,0,0,65,"watchlist","analyst-mar5-spar-adoption","2026-03-05 21:43:37"
"XRP","Ripple","XRP Ledger","Institutional Payments + DeFi",0,0,0,65,"watchlist","analyst-mar5-ripple-coinbase","2026-03-05 21:43:37"
"TNSR","Tensor","Solana","Solana NFT Marketplace + DeFi",0,0,0,75,"deep-dive","analyst-mar5-coinbase-vector-acquisition","2026-03-05 21:42:58"
"ADA","Cardano","Cardano","L1, RWA, Real-World Payments",0,0,0,68,"watchlist","analyst","2026-03-05 21:11:53"
"XRP","Ripple","XRP Ledger","Payments, Regulated Derivatives",0,0,0,65,"watchlist","analyst","2026-03-05 21:11:53"
"ADA","Cardano","Cardano","L1 + Payments + RWAs",0,0,0,72,"deep-dive","analyst-mar5-cron","2026-03-05 20:42:14"
"POL","Polygon Ecosystem Token","Polygon","AI Agent Infrastructure",0,0,0,70,"deep-dive","analyst","2026-03-05 20:12:25"
"TAO","Bittensor","Substrate","AI Infrastructure",0,0,0,68,"watchlist","analyst","2026-03-05 20:12:25"
"OFN","Openfabric AI","Ethereum","AI Infrastructure",0,0,0,62,"watchlist","analyst","2026-03-05 20:12:25"
"ADA","Cardano","L1","Smart Contract Platform - SPAR Switzerland Integration (137 stores)",0,0,0,75,"deep-dive","analyst","2026-03-05 19:41:58"
"TAO","Bittensor","L1","AI Infrastructure - Decentralized AI Network",0,0,0,65,"watchlist","analyst","2026-03-05 19:41:58"
"SOL","Solana","L1","L1 - Western Union USDPT + Doppler Expansion",0,0,0,72,"watchlist","analyst","2026-03-05 19:41:58"
"XRP","Ripple","L1","Payment - Ripple Prime Derivatives Expansion",0,0,0,68,"watchlist","analyst","2026-03-05 19:41:58"
"PIPPIN","Pippin","solana","AI Agent autonomer Twitter Bot (BabyAGI), Solana Meme + AI Narrative",348106897,12715100,20749288,72,"deep-dive","DexScreener + CoinGecko","2026-03-05 19:02:23"
"VVV","Venice Token","ethereum","Privacy-first AI: uncensored AI inference, stake for API access, decentralized compute",291167502,0,40531535,78,"deep-dive","CoinGecko AI Category","2026-03-05 19:02:23"
"TAO","Bittensor","Bittensor","AI/ML Infrastructure",0,0,0,62,"watchlist","analyst-mar5","2026-03-05 18:42:10"
"WBT","WhiteBIT Coin","ethereum","Exchange Token / CEX Utility",0,0,0,85,"deep-dive","analyst-mar5-kraken-listing-high-score","2026-03-05 18:14:10"
"IOTX","IoTeX","IoTeX","AI Agents + IoT + DePIN",0,0,0,60,"watchlist","analyst","2026-03-05 17:12:48"
"ZIG","ZIGChain (Zignaly)","Ethereum","DeFi Trading Tools, Social Investment Platform",0,0,0,72,"watchlist","analyst-mar5-multi-source-binance-killers","2026-03-05 16:42:10"
"AIXBT","Aixbt AI Agent","unknown","AI Agents / Trading Alpha",0,0,0,65,"watchlist","analyst","2026-03-05 16:12:06"
"AVNT","Avantis","base","DeFi Derivatives + Base Ecosystem",0,0,0,70,"watchlist","analyst","2026-03-05 15:41:51"
"HYPE","Hyperliquid","Hyperliquid","DeFi / Leading DEX",0,0,0,85,"deep-dive","analyst-mar5-whale-alerts","2026-03-05 15:13:33"
"AVNT","Avantis","Base","DeFi Derivatives / Perps DEX",0,0,0,65,"watchlist","analyst-mar5-airdrop-trending","2026-03-05 15:13:33"
"OKB","OKX Token","ethereum","Exchange Token + Tokenized Stocks",0,0,0,95,"deep-dive","analyst-mar5-nyse-ice","2026-03-05 14:41:59"
"AVNT","Avantis","base","DeFi / Perpetuals DEX",0,0,0,72,"deep-dive","analyst-mar5-airdrop","2026-03-05 14:41:52"
"DIME","Paradex","starknet","DeFi / Perpetuals DEX / Privacy",0,0,0,65,"watchlist","analyst-mar5-tge","2026-03-05 14:41:52"
"OPN","Opinion Labs","BNB Chain (opBNB)","Prediction Markets (AI Oracle + DeFi)",0,0,0,98,"deep-dive","analyst-mar5-coinbase","2026-03-05 14:12:59"
"OKB","OKX Token","Ethereum (ERC-20)","Exchange Token (OKX)",0,0,0,100,"deep-dive","analyst-mar5-nyse-ice","2026-03-05 14:12:59"
"AVNT","Avantis","Base","DeFi / Perp DEX",0,0,0,65,"watchlist","analyst","2026-03-05 14:12:59"
"DIME","Paradex","Paradex Chain","Privacy DeFi / Zero-Fee Perp DEX",0,0,0,65,"watchlist","analyst","2026-03-05 14:12:59"
"IDOS","idOS Network","multi-chain","Web3 Identity Layer + KYC",0,0,0,45,"watchlist","analyst-mar5-tge","2026-03-05 13:43:22"
"OKB","OKX Token","ethereum","Exchange Token + Institutional Investment (NYSE/ICE)",0,0,0,100,"deep-dive","analyst-mar5-nyse-ice","2026-03-05 13:43:21"
"AVNT","Avantis","base","DeFi Perpetuals DEX (500x leverage)",0,0,0,65,"deep-dive","analyst-mar5-coingecko","2026-03-05 13:43:21"
"DIME","Paradex","paradex","Privacy-First Perpetuals DEX",0,0,0,55,"watchlist","analyst-mar5-tge","2026-03-05 13:43:21"
"DIME","Paradex","ethereum","DeFi derivatives DEX mit ZK-Proofs für Privacy-Trades",0,0,0,62,"watchlist","analyst","2026-03-05 13:11:05"
"H","Humanity Protocol","ethereum","ZK-basierte Sybil-resistant Identity",0,0,0,68,"watchlist","analyst","2026-03-05 13:11:05"
"AVNT","Avantis","base","DeFi perpetuals DEX für Crypto + RWAs (FX, Commodities)",0,0,0,72,"deep-dive","analyst","2026-03-05 13:11:05"
"UNIT734","AI AGENT","base","AI Agent Infrastructure",1003209,802567,0,75,"","hawk_scanner","2026-03-05 07:01:57"
"DeepSeekAI","DeepSeek AI Agent","solana","AI Agent - DeepSeek Integration",260943,81055,1414,85,"","hawk_scanner","2026-03-05 07:01:57"
"AIDOG","aidog_agent by Virtuals","base","Virtuals Ecosystem AI Agent",4306206,638263,3822,86,"","hawk_scanner","2026-03-05 07:01:57"
"AGENTFUN","AgentFun.AI","cronos","AI Agent Gaming/Fun",3632772,1169950,4115,88,"","hawk_scanner","2026-03-05 07:01:57"
"QWENAI","Qwen AI Agent","solana","Qwen AI Model Integration",43968258,42968297,4,70,"","hawk_scanner","2026-03-05 07:01:57"
"SAHARA","SaharaAI","multi-chain","AI Agents",0,0,0,72,"watchlist","analyst + telegram + foresightnews + mexc + 2026-roadmap-mar5","2026-03-05 06:42:24"
"SKY","Sky Protocol (ex-MakerDAO)","ethereum","RWA/DeFi",0,0,0,60,"watchlist","analyst + telegram-bitpush + cryptopanic + mexc","2026-03-05 06:12:08"
"VVV","Venice AI","base","Privacy AI / AI Agents / OpenClaw Integration",0,0,0,91,"deep-dive","analyst-update-mar5-privacy","2026-03-05 05:43:03"
"SAHARA","Sahara AI","ethereum","AI Infrastructure / Decentralized AI",0,0,0,70,"watchlist","analyst + ForesightNews + MEXC","2026-03-05 05:43:03"
"MEME","memecoin","solana","Solana Meme",0,0,0,65,"watchlist","analyst + TheBlockBeats + ChainCatcher + bitpush + MEXC","2026-03-05 05:43:03"
"SAHARA","Sahara AI","ethereum","AI Agents",0,0,0,65,"watchlist","analyst","2026-03-05 05:12:34"
"AERO","Aerodrome Finance","base","DeFi DEX",0,0,0,65,"deep-dive","analyst","2026-03-05 04:42:04"
"SKY","Sky Protocol","ethereum","RWA DeFi Stablecoin",0,0,0,60,"watchlist","analyst","2026-03-05 04:42:04"
"SAHARA","Sahara AI","ETH/BNB","AI Agents, OpenClaw Integration, Sorin Agent",0,0,0,65,"watchlist","analyst + telegram-foresight + mexc-blog + openclaw-integration-mar5","2026-03-05 04:12:23"
"SKY","Sky (ex-MakerDAO)","ethereum","RWA + DeFi Stablecoin",0,0,0,72,"watchlist","analyst","2026-03-05 03:42:33"
"AERO","Aerodrome Finance","base","DeFi/DEX Base L2",0,0,0,68,"watchlist","analyst","2026-03-05 03:42:33"
"Q","Quack AI","eth","AI Agents",0,0,0,58,"watchlist","analyst + coingecko-trending-mar5","2026-03-05 02:42:22"
"AERO","Aerodrome Finance","base","DeFi + Cross-Chain",0,0,0,62,"watchlist","analyst + cryptopanic + ambcrypto-mar5","2026-03-05 02:42:22"
"SKY","Sky (ex-MakerDAO)","eth","RWA + DeFi Stablecoin",0,0,0,67,"watchlist","analyst + telegram + cryptopanic + cmc-mar5","2026-03-05 02:42:22"
"Q","Quack AI","Ethereum","AI Governance",0,0,0,55,"watchlist","analyst","2026-03-05 02:11:42"
"Q","Quack AI","multi-chain","AI Governance",0,0,0,70,"deep-dive","analyst","2026-03-05 01:41:26"
"FET","Artificial Superintelligence Alliance","ethereum","AI Alliance: Decentralized AI agents, autonomous intelligence network, $50M buyback program",334000000,5000000,8500000,68,"deep-dive","CoinMarketCap","2026-03-05 01:04:57"
"GRT","The Graph","ethereum","AI Data Infrastructure: Decentralized indexing for AI analytics, 173K holders, essential data layer",441000000,8000000,12000000,65,"deep-dive","CoinMarketCap","2026-03-05 01:04:57"
"ZEREBRO","Zerebro","solana","AI Agents Platform: Natural language agent creation, no coding required, Solana-based, micro-cap",7400000,3460000,1800000,72,"deep-dive","GeckoTerminal","2026-03-05 01:04:57"
"Q","Quack AI","multi","AI Governance Infrastructure",0,0,0,40,"watchlist","analyst + coingecko-trending","2026-03-05 00:42:58"
"PHA","Phala Network","polkadot","AI + DePIN + Privacy (TEE)",0,0,0,93,"deep-dive","analyst + coingecko-ai-scan + x-twitter-rally-36pct + near-partnership + cryptopanic-lead-mar5","2026-03-04 23:41:51"
"Q","Quack AI","multi-chain","AI Agents + DAO Automation",0,0,0,78,"deep-dive","analyst","2026-03-04 23:41:51"
"GMX","GMX","arbitrum","DeFi + Buybacks",0,0,0,62,"watchlist","analyst","2026-03-04 23:41:51"
"EDGE","Definitive","ethereum","Cross-Chain DeFi + Liquidity Aggregation",0,0,0,92,"deep-dive","analyst + upbit-listing-mar4 + x-twitter-feature-4x-pump + coingecko-trending","2026-03-04 21:43:35"
"SUI","Sui Network","sui","L1 Blockchain + Stablecoin Infrastructure",0,0,0,95,"deep-dive","analyst + telegram-the-block + cryptopanic + usdui-launch-mar4 + mexc","2026-03-04 21:43:35"
"MANTRA","MANTRA (ex-OM)","multi","RWA + DeFi",0,0,0,98,"deep-dive","analyst + binance-migration-mar5 + blockchain-mag + crypto-times + invezz + cryptopanic","2026-03-04 20:41:59"
"EDGE","Definitive","multi","DeFi Trading Infra",0,0,0,92,"deep-dive","analyst + upbit-listing-mar4 + x-twitter-feature-4x-pump + coingecko-trending","2026-03-04 20:41:59"
"ONDO","Ondo Finance","ethereum","RWA (Real World Assets)",0,0,0,95,"deep-dive","analyst + analyst-update-mar4-binance-alpha","2026-03-04 20:41:59"
"FAI","Freysa AI","base","AI Agents",0,0,0,68,"watchlist","analyst","2026-03-04 20:14:01"
"PHA","Phala Network","ethereum-l2","AI Confidential Compute",0,0,0,93,"deep-dive","analyst + coingecko-ai-scan + x-twitter-rally-36pct + near-partnership + cryptopanic-lead-mar5","2026-03-04 20:14:01"
"EDGE","Definitive","multi-chain","DEX Trading Platform",0,0,0,92,"deep-dive","analyst + upbit-listing-mar4 + x-twitter-feature-4x-pump + coingecko-trending","2026-03-04 20:14:01"
"VVV","Venice Token","ethereum","AI Privacy",0,0,0,68,"watchlist","analyst","2026-03-04 20:14:01"
"OPN","Opinion Labs","multi","Prediction Markets",0,0,0,98,"deep-dive","analyst-mar5-coinbase","2026-03-04 20:13:21"
"SUI","Sui Network","sui","DeFi Stablecoin",0,0,0,95,"deep-dive","analyst + telegram-the-block + cryptopanic + usdui-launch-mar4 + mexc","2026-03-04 20:13:21"
"ONDO","Ondo Finance","ethereum","RWA Tokenization",0,0,0,95,"deep-dive","analyst + analyst-update-mar4-binance-alpha","2026-03-04 20:13:21"
"MANTRA","MANTRA (ex-OM)","mantra-native","RWA + Native Chain",0,0,0,98,"deep-dive","analyst + binance-migration-mar5 + blockchain-mag + crypto-times + invezz + cryptopanic","2026-03-04 20:13:21"
"OM","MANTRA","ETH","RWA (Real World Assets)",0,0,0,98,"deep-dive","analyst + binance-migration-mar5 + blockchain-mag + crypto-times + invezz + cryptopanic","2026-03-04 19:41:32"
"SLIX","Solix DePIN","TBA","DePIN + AI (MCP)",0,0,0,68,"watchlist","analyst","2026-03-04 19:41:32"
"SUI","Sui Network","sui","L1/DeFi/Stablecoin Infrastructure",0,0,0,95,"deep-dive","analyst + telegram-the-block + cryptopanic + usdui-launch-mar4 + mexc","2026-03-04 17:42:09"
"ONDO","Ondo Finance","ethereum","RWA/Tokenized Securities",0,0,0,95,"deep-dive","analyst + analyst-update-mar4-binance-alpha","2026-03-04 17:42:09"
"HYPE","Hyperliquid","hyperliquid","DeFi/Perps/Derivatives",0,0,0,68,"watchlist","analyst + mexc + tokenomist + airdropalert","2026-03-04 17:42:09"
"BSB","Block Street","BNB","RWA / Tokenized Assets Liquidity",0,0,0,68,"watchlist","analyst + binance-alpha + mexc + bitget + wallet-campaign-mar4","2026-03-04 17:11:53"
"SUI","Sui Network","sui","L1 + Privacy + Gaming + Stablecoin Ecosystem",0,0,0,95,"deep-dive","analyst + telegram-the-block + cryptopanic + usdui-launch-mar4 + mexc","2026-03-04 16:40:53"
"BSB","Block Street","multi","RWA/Tokenized Equities",0,0,0,45,"watchlist","analyst + binance-alpha-mar4","2026-03-04 16:11:29"
"MORPHO","Morpho Protocol","ethereum","DeFi Lending",0,0,0,90,"deep-dive","analyst + whale-activity-120m-mar4","2026-03-04 15:12:56"
"BSB","Block Street","bnb","RWA / Tokenized Securities",0,0,0,65,"watchlist","analyst","2026-03-04 15:12:56"
"SUI","Sui Network","sui","L1 / Stablecoin Infrastructure",0,0,0,95,"deep-dive","analyst + telegram-the-block + cryptopanic + usdui-launch-mar4 + mexc","2026-03-04 15:12:56"
"TAI","TARS AI","solana","AI Agent Marketplace + BaaS Infrastruktur, On-Chain AI Agents mit nativem Settlement Layer",9128368,0,1052944,45,"watchlist","coingecko-ai-category","2026-03-04 13:02:18"
"NOON","Noon Capital","unknown","DeFi/Stablecoin-Yield",0,0,0,52,"watchlist","analyst + kucoin-world-premiere-2026-03-04 + telegram","2026-03-04 12:41:03"
"BSB","Block Street","multi","RWA/DeFi",0,0,0,65,"watchlist","analyst + coingecko-trending + mexc + binance-alpha-competition-mar4 + coingecko-trending-mar4","2026-03-04 12:10:43"
"IDOS","idOS Network","multi","Identity/DID",0,0,0,76,"deep-dive","analyst + kucoin-listing + okx-boost-listing + kucoin-gempool-2026-03-04 + mexc-tge-march5 + okx-boost-2026-03-04 + multi-exchange-tge-eve + triple-tge-march5","2026-03-04 09:39:10"
"KAT","Katana Network","L2-DeFi","DeFi Infrastructure",0,0,0,72,"watchlist","analyst + mexc-premarket + okx-premarket + binance-wallet + telegram + binance-wallet-campaign-2026-03-04","2026-03-04 08:39:29"
"EDGE","Definitive","multi-chain","DeFi/Trading",0,0,0,92,"deep-dive","analyst + upbit-listing-mar4 + x-twitter-feature-4x-pump + coingecko-trending","2026-03-04 06:09:13"
"BTW","Bitway","ethereum","Infrastructure",0,0,0,64,"watchlist","analyst + telegram + bitget-poolx-2026-03-04 + chaincatcher + bitpush + bitget-poolx-live-mar4","2026-03-04 06:09:13"
"MOR","Morpheus AI","ethereum+arbitrum","AI Compute",0,0,0,58,"watchlist","analyst + coingecko-trending + 2026-03-04-repeat","2026-03-04 04:39:24"
"LMTS","Limitless","Base","Prediction Markets / DeFi",0,0,0,62,"watchlist","analyst + coinbase-roadmap + ForesightNews + mexc-premarket","2026-03-04 04:09:31"
"GIZA","Giza Protocol","ethereum","AI Agent DeFi - Autonomous agents für DeFi-Strategien, EigenLayer-backed Execution, Base Savings Agent",14700000,0,1676000,55,"watchlist","analyst + coingecko-trending + coingecko-trending-repeat","2026-03-03 01:03:37"
"FAI","Freysa AI","Base","AI Agent Framework - Sovereign AI, Digital Twins, Binance Alpha Spotlight",28173648,0,8399911,68,"watchlist","analyst + CoinGecko Trending #2 + TheBlockBeats + ChainCatcher + bitpush + GMGN + multi-source-pump","2026-03-02 19:01:12"
"PUMP","PUMP Token","unknown","Meme",0,0,0,48,"watchlist","analyst","2026-03-02 06:09:15"
"JCT","Janction","unknown","AI Compute",0,0,0,58,"watchlist","analyst + binance-alpha-competition-200k","2026-03-01 04:39:31"
"IRYS","Irys","unknown","AI Infrastructure",0,0,0,62,"watchlist","analyst + coingecko-trending + binance-alpha-competition","2026-03-01 04:39:31"
"BARD","Lombard Protocol","ethereum","BTC Staking/DeFi",0,0,0,62,"watchlist","analyst + coingecko-trending + mexc-news","2026-02-28 12:39:22"
"LAYER","Solayer","solana","Restaking/Infra",0,0,0,48,"watchlist","analyst + coingecko-trending","2026-02-28 02:39:26"
"SIGN","Sign","ETH","Infrastructure",0,0,0,48,"watchlist","analyst + coingecko-trending","2026-02-28 00:39:09"
"ALICE","My Neighbor Alice","ETH","Gaming",0,0,0,45,"watchlist","analyst + coingecko-trending","2026-02-28 00:39:09"
"CGPT","ChainGPT","multi","AI Infrastructure",0,0,0,68,"watchlist","analyst + coingecko-trending + coingecko-trending-2026-02-27 + coingecko-trending-repeat","2026-02-27 14:39:56"
"PIEVERSE","Pieverse","solana","AI Gaming/Metaverse",109182687,0,13200263,45,"watchlist","coingecko-ai-category","2026-02-26 07:01:24"
"NEWT","Newton Protocol","multi","AI protocol - decentralized AI deployment",15000000,0,9644370,38,"watchlist","CoinGecko AI Category","2026-02-25 19:01:08"
"OPN","Opinion Labs","unknown","Prediction Markets",0,0,0,98,"deep-dive","analyst-mar5-coinbase","2026-02-25 15:39:17"
"AXL","Axelar","multi","Cross-Chain Infra",0,0,0,55,"watchlist","analyst + coingecko-trending + cryptopanic + xrp-bridge-usage","2026-02-25 11:39:30"
"PARTI","Particle Network","multi-chain","Chain Abstraction / Infra",0,0,0,52,"watchlist","analyst + bitpush","2026-02-25 05:39:10"
"NEET","neetcoin","solana","meme",0,0,0,68,"watchlist","analyst + ChainCatcher + bitpush + x-twitter + smart-money","2026-02-23 07:39:12"
"DUSK","Dusk Network","ETH","Privacy/Confidential Smart Contracts",0,0,0,52,"watchlist","analyst + coingecko-trending","2026-02-22 22:39:16"
"ANON","HeyAnon","ETH","AI Agent / DeFi Automation",0,0,0,50,"watchlist","analyst + pumpfun","2026-02-22 22:39:16"
"MORPHO","Morpho","ethereum","DeFi/Lending",0,0,0,90,"watchlist","analyst + coingecko-trending + cryptopanic + wall-street-defi-surge + whale-activity-120m-mar4","2026-02-22 13:38:59"
"AGLD","Adventure Gold","ethereum","Gaming/Metaverse",0,0,0,55,"watchlist","analyst + coingecko-trending + cryptopanic","2026-02-22 11:38:59"
"CRTR","CReaToR","unknown","Creator Economy",0,0,0,65,"watchlist","analyst + kucoin-gempool + telegram","2026-02-22 11:38:59"
"CLANKER","Clanker Tokenbot","Base","AI Agent Token Launchpad",0,0,0,65,"watchlist","portfolio-analysis","2026-02-22 09:12:31"
"AUKI","Auki Labs","ethereum","DePIN/AR",0,0,0,48,"watchlist","analyst + coingecko-trending","2026-02-22 07:39:21"
"RAVE","RaveDAO","BSC","DeFi/DAO",0,0,0,82,"deep-dive","analyst + coingecko-trending + cryptopanic-whale + chaincatcher-coinbase + bitget-whale","2026-02-22 06:09:16"
"ACU","Acurast","polkadot","Decentralized serverless cloud — AI compute infrastructure, confidential computing via TEE. ATH Jan 2026, stark gefallen.",25389175,0,5305208,52,"watchlist","CoinGecko AI Cat / HAWK Scanner","2026-02-22 01:04:40"
"CARV","CARV","multi-chain","AI Data Layer — modularer Daten-Stack für AI/Gaming. CARV Protocol ermöglicht verifiable data sharing.",33350183,0,5082781,48,"watchlist","CoinGecko AI Cat / HAWK Scanner","2026-02-22 01:04:40"
"SPELL","Spell Token (Abracadabra)","ETH","DeFi",0,0,0,78,"watchlist","analyst + x-twitter + us-senate-catalyst","2026-02-22 00:09:04"
"LYN","Everlyn","BSC","AI Video Model + Agential Multimodal Ecosystem (open-source video AI, Cornell/Oxford/Stanford team)",61587885,5990329,5990329,52,"watchlist","CoinGecko AI Category","2026-02-21 07:01:43"
"VANA","Vana","ethereum","AI Data Ownership - dezentraler Daten-Marktplatz für AI Training, User-owned data",51700000,5000000,57600000,68,"deep-dive","CoinGecko AI Category + Defiant","2026-02-21 01:03:44"
"SYRUP","Maple Finance","ethereum","DeFi/RWA",0,0,0,55,"watchlist","analyst + coingecko-trending + cryptopanic","2026-02-20 20:39:03"
"TIBBIR","Ribbita by Virtuals","base","AI Agent (Virtuals Ecosystem) - Stealth-launched, Ribbit Capital narrative, AI+DeFi",173000000,0,9300000,55,"watchlist","CoinGecko Trending #1, HAWK Scanner 2026-02-20","2026-02-20 19:01:20"
"ROBO","Robo Token","ethereum","AI/Robotics",0,0,0,82,"deep-dive","analyst + coinbase-roadmap + TheBlockBeats + ForesightNews + ChainCatcher + WuBlock + bitpush + PANews + CryptoPanic","2026-02-20 17:39:17"
"BIO","Bio Protocol","ethereum","DeSci",0,0,0,55,"watchlist","analyst + coingecko-trending","2026-02-20 10:39:14"
"PUNCH","Punch","solana","meme",0,0,0,35,"no-go","analyst + telegram + bybit + bitpush + BeInCrypto + ForesightNews","2026-02-20 09:39:21"
"ASTER","Aster","bnb","binance-ecosystem",0,0,0,68,"rejected","analyst + telegram-whale-mar5","2026-02-20 09:39:21"
"MYX","MYX Protocol","multi","defi-derivatives",0,0,0,62,"watchlist","analyst + telegram + ForesightNews + Consensys","2026-02-20 09:39:21"
"ENSO","Enso","ethereum","Infrastructure/Intent",0,0,0,65,"watchlist","analyst + telegram + TheBlockBeats","2026-02-20 03:39:41"
"DOLO","Dolomite","ethereum","DeFi/DEX",0,0,0,52,"watchlist","analyst + coingecko-trending","2026-02-20 03:39:41"
"AIOZ","AIOZ Network","ethereum","Decentralized AI Infrastructure (CDN, Storage, Streaming)",84900000,7400000,7444851,52,"watchlist","CoinGecko AI Category","2026-02-19 04:57:15"
"MOLT","Moltbook","solana","AI Micro-Cap — extremes Vol/MC Ratio, -97% ATH, hohes Risiko",2900000,183000000,183070654,35,"no-go","CoinGecko AI Trending Volume","2026-02-19 04:57:15"
"ESP","Espresso","espresso","L1/Infrastructure",0,0,0,65,"watchlist","analyst + coingecko-trending + cryptopanic + okx-x-launch + digifinex + okx-perp-futures-2026-03-01","2026-02-18 23:08:51"
"TRIA","Tria","multi-chain","DeFi/Neobank",0,0,0,45,"watchlist","analyst","2026-02-18 23:08:51"
"PIPPIN","pippin","solana","AI Agent Framework",438000000,72000000,72480861,45,"watchlist","CoinGecko Trending + AI Category","2026-02-18 07:01:28"
"CYBER","CYBER (CyberConnect)","ethereum","AI + SocialFi L2, Binance Launchpool, Animoca Portfolio",43087085,0,34523701,50,"watchlist","CoinGecko AI Category","2026-02-18 01:02:54"
"HOLO","Holoworld","solana","AI Agent/Avatar Creation",20900000,0,6067000,62,"deep-dive","coingecko-ai-scan","2026-02-17 01:03:42"
"MIRA","Mira","ethereum","AI Verification Oracle",18900000,0,6071000,60,"watchlist","analyst + coingecko-trending + binance-alpha-competition + binance-mira-voucher-2026-03-03","2026-02-17 01:03:42"
"TRUTH","Swarm Network","solana","AI Swarm Intelligence",32400000,0,5952000,58,"watchlist","coingecko-ai-scan","2026-02-17 01:03:42"
"VELVET","Velvet","solana","AI Agent Infrastructure",13600000,0,4272000,55,"watchlist","coingecko-ai-scan","2026-02-17 01:03:42"
"PHA","Phala","ethereum","AI + TEE Compute",31757562,0,143129013,93,"deep-dive","analyst + coingecko-ai-scan + x-twitter-rally-36pct + near-partnership + cryptopanic-lead-mar5","2026-02-17 01:03:42"
"SHELL","MyShell","ethereum","AI Agent Launchpad & Framework — Consumer AI Layer, Binance Labs & DragonFly backed, AI agent creation platform",33300000,16483133,16483133,62,"watchlist","coingecko-ai-category","2026-02-16 19:00:53"
"AZTEC","Aztec Network","","",0,0,0,78,"deep-dive","analyst + cryptopanic + telegram + upbit + bithumb + whale_alert","2026-02-16 11:09:02"
"ALCH","Alchemist AI","solana","AI No-Code Platform, Binance Alpha Spotlight",70569814,0,17304829,55,"watchlist","CoinGecko AI Category","2026-02-16 01:01:40"
"NIL","Nillion","ethereum","Privacy-preserving computation für AI/ML — Blind Computation, MPC",20000000,78900000,17163770,35,"rejected","CoinGecko AI Category + DexScreener","2026-02-15 19:01:04"
"LA","Lagrange","ethereum","ZK-Coprocessor für AI-Datenverifikation, Restaking-Narrative",41200000,0,20762213,55,"watchlist","CoinGecko AI Category","2026-02-15 13:02:04"
"PROMPT","Wayfinder","ethereum","AI Agent Navigation/Gaming, Parallel Studios",10900000,0,8332937,50,"watchlist","CoinGecko AI Category","2026-02-15 13:02:04"
"QAI","QuantixAI","ethereum","AI-gesteuertes Quant-Trading, vollautomatisch",60500000,0,8412861,45,"watchlist","CoinGecko AI Category","2026-02-15 13:02:04"
"UB","Unibase","ethereum","AI Data Infrastructure — dezentrale AI-Datenplattform",117000000,0,8584798,52,"watchlist","coingecko-ai-category","2026-02-15 01:02:29"
"CLAWNCH","CLAWNCH","solana","AI Agent Launchpad",11000000,0,8908232,45,"watchlist","coingecko-ai-category","2026-02-15 01:02:29"
"BNKR","BankrCoin","solana","AI Agent Infrastructure",68700000,0,25400000,52,"watchlist","CoinGecko AI Category + X-Twitter","2026-02-14 19:00:49"
"ARKM","Arkham","ethereum","On-Chain Intelligence AI Platform",70223945,39105914,39105914,52,"watchlist","coingecko-ai-category","2026-02-14 13:02:07"
"AWE","AWE Network","ethereum","AI Agent Network (ex-STP)",180262009,10218304,10218304,42,"watchlist","coingecko-ai-category","2026-02-14 13:02:07"
"AIO","OlaXBT","base","AI Trading Agent — autonomer Trading-Bot mit AI-Analyse, ex-xAI Team",17640234,9029196,9029196,30,"rejected","CoinGecko AI Category","2026-02-14 01:03:02"
"OPEN","OpenLedger","unknown","AI Data Infrastructure — dezentrale Datenplattform für AI-Training",38164239,9936627,9936627,58,"watchlist","CoinGecko AI Category + crypto100xprojects","2026-02-14 01:03:02"
"SENT","Sentient","unknown","Open-Source AI Models — dezentrales AI-Modell-Ökosystem",170177912,39369417,39369417,55,"watchlist","CoinGecko AI Category","2026-02-14 01:03:02"
"SAHARA","Sahara AI","unknown","AI Data Marketplace — Daten-Pipeline für AI-Training",46136031,9308870,9308870,70,"watchlist","analyst + CoinGecko AI Category + coingecko-trending-2026-02-27 + coingecko-trending-repeat","2026-02-14 01:03:02"
"ELSA","Elsa","unknown","AI Agent — kleiner AI-Coin mit wachsendem Volumen",19406286,10248046,10248046,50,"watchlist","CoinGecko AI Category","2026-02-14 01:03:02"
"COAI","ChainOpera AI","unknown","AI",0,0,0,45,"watchlist","analyst","2026-02-13 23:08:19"
"KAITO","KAITO","ethereum","AI Social Intelligence",77336967,10300282,10300282,62,"watchlist","coingecko-ai-category + X-Twitter","2026-02-13 19:00:58"
"GRASS","Grass","solana","Decentralized AI Data Network",94753755,9519310,9519310,50,"watchlist","coingecko-ai-category","2026-02-13 19:00:58"
"VVV","Venice Token","unknown","AI/Privacy",0,0,0,68,"watchlist","analyst + coingecko-trending + cryptopanic + beincrypto + yahoo-finance + ForesightNews-815pct","2026-02-13 15:08:23"
"IO","io.net","ethereum","Dezentrale GPU-Compute für AI-Training",29000000,0,13148633,55,"watchlist","coingecko-ai","2026-02-13 13:01:41"
"XNY","Codatta","ethereum","AI Data Infrastructure Layer",15000000,0,16021261,50,"watchlist","coingecko-ai","2026-02-13 13:01:41"
"ATH","Aethir","ethereum","Dezentrale GPU Cloud für AI",103000000,0,11406202,45,"watchlist","coingecko-ai","2026-02-13 13:01:41"
"IP","Story","ethereum","Dezentrales IP-Protokoll mit AI-Integration",390000000,0,60469104,40,"watchlist","coingecko-ai","2026-02-13 13:01:41"
"WARD","Warden","BSC","AI Agent Launchpad, 8M User, Binance Alpha Spotlight",12700000,0,132700000,52,"watchlist","CoinGecko AI Category","2026-02-13 07:01:41"
"RECALL","Recall","Multi","AI Memory/Data Layer",11100000,0,18500000,50,"watchlist","CoinGecko AI Category","2026-02-13 07:01:41"
"KITE","Kite","multi","AI Agent Infrastruktur",340500000,500000,99780000,68,"deep-dive","analyst + coingecko-trending + upbit-volume-top7","2026-02-13 01:02:47"
"LPT","Livepeer","ethereum","AI Video / Dezentrales Rendering",140200000,400000,70420000,62,"rejected","CoinGecko AI Category","2026-02-13 01:02:47"
"0G","0G (Zero Gravity)","multi","AI Data Availability Layer",129500000,300000,101720000,55,"watchlist","CoinGecko AI Category","2026-02-13 01:02:47"
"Q","Quack AI Token","bsc","AI",66949572,882375,2654538,55,"watchlist","hawk-scan","2026-02-12 20:45:34"
"ON","Orochi Network","bsc","AI Oracle/ZK",11930166,642785,3079737,50,"watchlist","hawk-scan","2026-02-12 20:45:34"
"AIDOG","AIDOG","base","AI Meme",4568786,579016,21586,30,"rejected","hawk-scan","2026-02-12 20:45:34"
"ASI","Artificial Superintelligence Alliance","base","AI Superintelligence",292097,219073,0,35,"rejected","dexscreener","2026-02-12 19:41:19"
"AI16Z","ai16z","solana","AI Agent DAO",316010,34768,60374,30,"no-go","dexscreener","2026-02-12 19:41:19"
"FET","Fetch.ai","osmosis","AI/ML Agent",380582878,37635,585,45,"watchlist","dexscreener","2026-02-12 19:41:19"
"RENDER","Render Token","solana","AI GPU Rendering",679868099,515090,419123,50,"watchlist","dexscreener","2026-02-12 19:41:19"
"TAO","Bittensor","solana","AI Decentralized ML",6742151068,6741150984,3.99,65,"watchlist","analyst-mar5-x-twitter-bullish","2026-02-12 19:41:19"
"BIT","Lil Bit","solana","meme",66420,22008,1793279,8,"no-go","dexscreener","2026-02-12 19:38:56"